mysql> SELECT CURRENT_DATE();
+----------------+
| CURRENT_DATE() |
+----------------+
| 2021-02-14     |
+----------------+
1 row in set (0.00 sec)

mysql> SELECT NOW();
+---------------------+
| NOW()               |
+---------------------+
| 2021-02-14 12:25:39 |
+---------------------+
1 row in set (0.00 sec)

mysql> SELECT DATE_ADD("2020-04-30 08:30:20", INTERVAL 10 MINUTE);
+-----------------------------------------------------+
| DATE_ADD("2020-04-30 08:30:20", INTERVAL 10 MINUTE) |
+-----------------------------------------------------+
| 2020-04-30 08:40:20                                 |
+-----------------------------------------------------+
1 row in set (0.04 sec)

mysql> SELECT DATE_ADD("2020-03-25 10:15:10", INTERVAL -2 HOUR);
+---------------------------------------------------+
| DATE_ADD("2020-03-25 10:15:10", INTERVAL -2 HOUR) |
+---------------------------------------------------+
| 2020-03-25 08:15:10                               |
+---------------------------------------------------+
1 row in set (0.00 sec)

mysql> SELECT DATE_FORMAT("2020-03-25", "%M %D %Y");
+---------------------------------------+
| DATE_FORMAT("2020-03-25", "%M %D %Y") |
+---------------------------------------+
| March 25th 2020                       |
+---------------------------------------+
1 row in set (0.00 sec)

mysql> SELECT DATE_SUB("2020-04-28", INTERVAL 5 DAY);
+----------------------------------------+
| DATE_SUB("2020-04-28", INTERVAL 5 DAY) |
+----------------------------------------+
| 2020-04-23                             |
+----------------------------------------+
1 row in set (0.00 sec)

mysql> SELECT DATEDIFF ("2020-04-15 06:10:30", "2020-04-12");
+------------------------------------------------+
| DATEDIFF ("2020-04-15 06:10:30", "2020-04-12") |
+------------------------------------------------+
|                                              3 |
+------------------------------------------------+
1 row in set (0.01 sec)

mysql>
