mysql> select * from bank_details;
+-----------+----------+-------+---------------+----------------------+--------------+
| product   | quantity | price | purchase_cost | estimated_sale_price | geo_location |
+-----------+----------+-------+---------------+----------------------+--------------+
| pay_card  |        3 |   330 |       8008.00 |                 9009 | NULL         |
| paypoints |        4 |   200 |       8000.00 |                 6800 | NULL         |
+-----------+----------+-------+---------------+----------------------+--------------+
2 rows in set (0.00 sec)

mysql> select * from bank_details limit 1;
+----------+----------+-------+---------------+----------------------+--------------+
| product  | quantity | price | purchase_cost | estimated_sale_price | geo_location |
+----------+----------+-------+---------------+----------------------+--------------+
| pay_card |        3 |   330 |       8008.00 |                 9009 | NULL         |
+----------+----------+-------+---------------+----------------------+--------------+
1 row in set (0.00 sec)

mysql>
